Time,Country,Region,Happiness Rank,Happiness Score,Economy (GDP per Capita),Family,Health (Life Expectancy),Freedom,Trust (Government Corruption),Generosity,Dystopia Residual
2015/1/1,Switzerland,Western Europe,1,7.587,1.39651,1.34951,0.94143,0.66557,0.41978,0.29678,2.51738
2015/1/1,Iceland,Western Europe,2,7.561,1.30232,1.40223,0.94784,0.62877,0.14145,0.4363,2.70201
2015/1/1,Denmark,Western Europe,3,7.527,1.32548,1.36058,0.87464,0.64938,0.48357,0.34139,2.49204
2015/1/1,Norway,Western Europe,4,7.522,1.459,1.33095,0.88521,0.66973,0.36503,0.34699,2.46531
2015/1/1,Canada,North America,5,7.427,1.32629,1.32261,0.90563,0.63297,0.32957,0.45811,2.45176
2015/1/1,Finland,Western Europe,6,7.406,1.29025,1.31826,0.88911,0.64169,0.41372,0.23351,2.61955
2015/1/1,Netherlands,Western Europe,7,7.378,1.32944,1.28017,0.89284,0.61576,0.31814,0.4761,2.4657
2015/1/1,Sweden,Western Europe,8,7.364,1.33171,1.28907,0.91087,0.6598,0.43844,0.36262,2.37119
2015/1/1,New Zealand,Australia and New Zealand,9,7.286,1.25018,1.31967,0.90837,0.63938,0.42922,0.47501,2.26425
2015/1/1,Australia,Australia and New Zealand,10,7.284,1.33358,1.30923,0.93156,0.65124,0.35637,0.43562,2.26646
2015/1/1,Israel,Middle East and Northern Africa,11,7.278,1.22857,1.22393,0.91387,0.41319,0.07785,0.33172,3.08854
2015/1/1,Costa Rica,Latin America and Caribbean,12,7.226,0.95578,1.23788,0.86027,0.63376,0.10583,0.25497,3.17728
2015/1/1,Austria,Western Europe,13,7.2,1.33723,1.29704,0.89042,0.62433,0.18676,0.33088,2.5332
2015/1/1,Mexico,Latin America and Caribbean,14,7.187,1.02054,0.91451,0.81444,0.48181,0.21312,0.14074,3.60214
2015/1/1,United States,North America,15,7.119,1.39451,1.24711,0.86179,0.54604,0.1589,0.40105,2.51011
2015/1/1,Brazil,Latin America and Caribbean,16,6.983,0.98124,1.23287,0.69702,0.49049,0.17521,0.14574,3.26001
2015/1/1,Luxembourg,Western Europe,17,6.946,1.56391,1.21963,0.91894,0.61583,0.37798,0.28034,1.96961
2015/1/1,Ireland,Western Europe,18,6.94,1.33596,1.36948,0.89533,0.61777,0.28703,0.45901,1.9757
2015/1/1,Belgium,Western Europe,19,6.937,1.30782,1.28566,0.89667,0.5845,0.2254,0.2225,2.41484
2015/1/1,United Arab Emirates,Middle East and Northern Africa,20,6.901,1.42727,1.12575,0.80925,0.64157,0.38583,0.26428,2.24743
2015/1/1,United Kingdom,Western Europe,21,6.867,1.26637,1.28548,0.90943,0.59625,0.32067,0.51912,1.96994
2015/1/1,Oman,Middle East and Northern Africa,22,6.853,1.36011,1.08182,0.76276,0.63274,0.32524,0.21542,2.47489
2015/1/1,Venezuela,Latin America and Caribbean,23,6.81,1.04424,1.25596,0.72052,0.42908,0.11069,0.05841,3.19131
2015/1/1,Singapore,Southeastern Asia,24,6.798,1.52186,1.02,1.02525,0.54252,0.4921,0.31105,1.88501
2015/1/1,Panama,Latin America and Caribbean,25,6.786,1.06353,1.1985,0.79661,0.5421,0.0927,0.24434,2.84848
2015/1/1,Germany,Western Europe,26,6.75,1.32792,1.29937,0.89186,0.61477,0.21843,0.28214,2.11569
2015/1/1,Chile,Latin America and Caribbean,27,6.67,1.10715,1.12447,0.85857,0.44132,0.12869,0.33363,2.67585
2015/1/1,Qatar,Middle East and Northern Africa,28,6.611,1.69042,1.0786,0.79733,0.6404,0.52208,0.32573,1.55674
2015/1/1,France,Western Europe,29,6.575,1.27778,1.26038,0.94579,0.55011,0.20646,0.12332,2.21126
2015/1/1,Argentina,Latin America and Caribbean,30,6.574,1.05351,1.24823,0.78723,0.44974,0.08484,0.11451,2.836
2015/1/1,Czech Republic,Central and Eastern Europe,31,6.505,1.17898,1.20643,0.84483,0.46364,0.02652,0.10686,2.67782
2015/1/1,Uruguay,Latin America and Caribbean,32,6.485,1.06166,1.2089,0.8116,0.60362,0.24558,0.2324,2.32142
2015/1/1,Colombia,Latin America and Caribbean,33,6.477,0.91861,1.24018,0.69077,0.53466,0.0512,0.18401,2.85737
2015/1/1,Thailand,Southeastern Asia,34,6.455,0.9669,1.26504,0.7385,0.55664,0.03187,0.5763,2.31945
2015/1/1,Saudi Arabia,Middle East and Northern Africa,35,6.411,1.39541,1.08393,0.72025,0.31048,0.32524,0.13706,2.43872
2015/1/1,Spain,Western Europe,36,6.329,1.23011,1.31379,0.95562,0.45951,0.06398,0.18227,2.12367
2015/1/1,Malta,Western Europe,37,6.302,1.2074,1.30203,0.88721,0.60365,0.13586,0.51752,1.6488
2015/1/1,Taiwan,Eastern Asia,38,6.298,1.29098,1.07617,0.8753,0.3974,0.08129,0.25376,2.32323
2015/1/1,Kuwait,Middle East and Northern Africa,39,6.295,1.55422,1.16594,0.72492,0.55499,0.25609,0.16228,1.87634
2015/1/1,Suriname,Latin America and Caribbean,40,6.269,0.99534,0.972,0.6082,0.59657,0.13633,0.16991,2.79094
2015/1/1,Trinidad and Tobago,Latin America and Caribbean,41,6.168,1.21183,1.18354,0.61483,0.55884,0.0114,0.31844,2.26882
2015/1/1,El Salvador,Latin America and Caribbean,42,6.13,0.76454,1.02507,0.67737,0.4035,0.11776,0.10692,3.035
2015/1/1,Guatemala,Latin America and Caribbean,43,6.123,0.74553,1.04356,0.64425,0.57733,0.09472,0.27489,2.74255
2015/1/1,Uzbekistan,Central and Eastern Europe,44,6.003,0.63244,1.34043,0.59772,0.65821,0.30826,0.22837,2.23741
2015/1/1,Slovakia,Central and Eastern Europe,45,5.995,1.16891,1.26999,0.78902,0.31751,0.03431,0.16893,2.24639
2015/1/1,Japan,Eastern Asia,46,5.987,1.27074,1.25712,0.99111,0.49615,0.1806,0.10705,1.68435
2015/1/1,South Korea,Eastern Asia,47,5.984,1.24461,0.95774,0.96538,0.33208,0.07857,0.18557,2.21978
2015/1/1,Ecuador,Latin America and Caribbean,48,5.975,0.86402,0.99903,0.79075,0.48574,0.1809,0.11541,2.53942
2015/1/1,Bahrain,Middle East and Northern Africa,49,5.96,1.32376,1.21624,0.74716,0.45492,0.306,0.17362,1.73797
2015/1/1,Italy,Western Europe,50,5.948,1.25114,1.19777,0.95446,0.26236,0.02901,0.22823,2.02518
2015/1/1,Bolivia,Latin America and Caribbean,51,5.89,0.68133,0.97841,0.5392,0.57414,0.088,0.20536,2.82334
2015/1/1,Moldova,Central and Eastern Europe,52,5.889,0.59448,1.01528,0.61826,0.32818,0.01615,0.20951,3.10712
2015/1/1,Paraguay,Latin America and Caribbean,53,5.878,0.75985,1.30477,0.66098,0.53899,0.08242,0.3424,2.18896
2015/1/1,Kazakhstan,Central and Eastern Europe,54,5.855,1.12254,1.12241,0.64368,0.51649,0.08454,0.11827,2.24729
2015/1/1,Slovenia,Central and Eastern Europe,55,5.848,1.18498,1.27385,0.87337,0.60855,0.03787,0.25328,1.61583
2015/1/1,Lithuania,Central and Eastern Europe,56,5.833,1.14723,1.25745,0.73128,0.21342,0.01031,0.02641,2.44649
2015/1/1,Nicaragua,Latin America and Caribbean,57,5.828,0.59325,1.14184,0.74314,0.55475,0.19317,0.27815,2.32407
2015/1/1,Peru,Latin America and Caribbean,58,5.824,0.90019,0.97459,0.73017,0.41496,0.05989,0.14982,2.5945
2015/1/1,Belarus,Central and Eastern Europe,59,5.813,1.03192,1.23289,0.73608,0.37938,0.1909,0.11046,2.1309
2015/1/1,Poland,Central and Eastern Europe,60,5.791,1.12555,1.27948,0.77903,0.53122,0.04212,0.16759,1.86565
2015/1/1,Malaysia,Southeastern Asia,61,5.77,1.12486,1.07023,0.72394,0.53024,0.10501,0.33075,1.88541
2015/1/1,Croatia,Central and Eastern Europe,62,5.759,1.08254,0.79624,0.78805,0.25883,0.0243,0.05444,2.75414
2015/1/1,Libya,Middle East and Northern Africa,63,5.754,1.13145,1.11862,0.7038,0.41668,0.11023,0.18295,2.09066
2015/1/1,Russia,Central and Eastern Europe,64,5.716,1.13764,1.23617,0.66926,0.36679,0.03005,0.00199,2.27394
2015/1/1,Jamaica,Latin America and Caribbean,65,5.709,0.81038,1.15102,0.68741,0.50442,0.02299,0.2123,2.32038
2015/1/1,North Cyprus,Western Europe,66,5.695,1.20806,1.07008,0.92356,0.49027,0.1428,0.26169,1.59888
2015/1/1,Cyprus,Western Europe,67,5.689,1.20813,0.89318,0.92356,0.40672,0.06146,0.30638,1.88931
2015/1/1,Algeria,Middle East and Northern Africa,68,5.605,0.93929,1.07772,0.61766,0.28579,0.17383,0.07822,2.43209
2015/1/1,Kosovo,Central and Eastern Europe,69,5.589,0.80148,0.81198,0.63132,0.24749,0.04741,0.2831,2.76579
2015/1/1,Turkmenistan,Central and Eastern Europe,70,5.548,0.95847,1.22668,0.53886,0.4761,0.30844,0.16979,1.86984
2015/1/1,Mauritius,Sub-Saharan Africa,71,5.477,1.00761,0.98521,0.7095,0.56066,0.07521,0.37744,1.76145
2015/1/1,Hong Kong,Eastern Asia,72,5.474,1.38604,1.05818,1.01328,0.59608,0.37124,0.39478,0.65429
2015/1/1,Estonia,Central and Eastern Europe,73,5.429,1.15174,1.22791,0.77361,0.44888,0.15184,0.0868,1.58782
2015/1/1,Indonesia,Southeastern Asia,74,5.399,0.82827,1.08708,0.63793,0.46611,0,0.51535,1.86399
2015/1/1,Vietnam,Southeastern Asia,75,5.36,0.63216,0.91226,0.74676,0.59444,0.10441,0.1686,2.20173
2015/1/1,Turkey,Middle East and Northern Africa,76,5.332,1.06098,0.94632,0.73172,0.22815,0.15746,0.12253,2.08528
2015/1/1,Kyrgyzstan,Central and Eastern Europe,77,5.286,0.47428,1.15115,0.65088,0.43477,0.04232,0.3003,2.2327
2015/1/1,Nigeria,Sub-Saharan Africa,78,5.268,0.65435,0.90432,0.16007,0.34334,0.0403,0.27233,2.89319
2015/1/1,Bhutan,Southern Asia,79,5.253,0.77042,1.10395,0.57407,0.53206,0.15445,0.47998,1.63794
2015/1/1,Azerbaijan,Central and Eastern Europe,80,5.212,1.02389,0.93793,0.64045,0.3703,0.16065,0.07799,2.00073
2015/1/1,Pakistan,Southern Asia,81,5.194,0.59543,0.41411,0.51466,0.12102,0.10464,0.33671,3.10709
2015/1/1,Jordan,Middle East and Northern Africa,82,5.192,0.90198,1.05392,0.69639,0.40661,0.14293,0.11053,1.87996
2015/1/1,Montenegro,Central and Eastern Europe,82,5.192,0.97438,0.90557,0.72521,0.1826,0.14296,0.1614,2.10017
2015/1/1,China,Eastern Asia,84,5.14,0.89012,0.94675,0.81658,0.51697,0.02781,0.08185,1.8604
2015/1/1,Zambia,Sub-Saharan Africa,85,5.129,0.47038,0.91612,0.29924,0.48827,0.12468,0.19591,2.6343
2015/1/1,Romania,Central and Eastern Europe,86,5.124,1.04345,0.88588,0.7689,0.35068,0.00649,0.13748,1.93129
2015/1/1,Serbia,Central and Eastern Europe,87,5.123,0.92053,1.00964,0.74836,0.20107,0.02617,0.19231,2.025
2015/1/1,Portugal,Western Europe,88,5.102,1.15991,1.13935,0.87519,0.51469,0.01078,0.13719,1.26462
2015/1/1,Latvia,Central and Eastern Europe,89,5.098,1.11312,1.09562,0.72437,0.29671,0.06332,0.18226,1.62215
2015/1/1,Philippines,Southeastern Asia,90,5.073,0.70532,1.03516,0.58114,0.62545,0.12279,0.24991,1.7536
2015/1/1,Somaliland region,Sub-Saharan Africa,91,5.057,0.18847,0.95152,0.43873,0.46582,0.39928,0.50318,2.11032
2015/1/1,Morocco,Middle East and Northern Africa,92,5.013,0.73479,0.64095,0.60954,0.41691,0.08546,0.07172,2.45373
2015/1/1,Macedonia,Central and Eastern Europe,93,5.007,0.91851,1.00232,0.73545,0.33457,0.05327,0.22359,1.73933
2015/1/1,Mozambique,Sub-Saharan Africa,94,4.971,0.08308,1.02626,0.09131,0.34037,0.15603,0.22269,3.05137
2015/1/1,Albania,Central and Eastern Europe,95,4.959,0.87867,0.80434,0.81325,0.35733,0.06413,0.14272,1.89894
2015/1/1,Bosnia and Herzegovina,Central and Eastern Europe,96,4.949,0.83223,0.91916,0.79081,0.09245,0.00227,0.24808,2.06367
2015/1/1,Lesotho,Sub-Saharan Africa,97,4.898,0.37545,1.04103,0.07612,0.31767,0.12504,0.16388,2.79832
2015/1/1,Dominican Republic,Latin America and Caribbean,98,4.885,0.89537,1.17202,0.66825,0.57672,0.14234,0.21684,1.21305
2015/1/1,Laos,Southeastern Asia,99,4.876,0.59066,0.73803,0.54909,0.59591,0.24249,0.42192,1.73799
2015/1/1,Mongolia,Eastern Asia,100,4.874,0.82819,1.3006,0.60268,0.43626,0.02666,0.3323,1.34759
2015/1/1,Swaziland,Sub-Saharan Africa,101,4.867,0.71206,1.07284,0.07566,0.30658,0.0306,0.18259,2.48676
2015/1/1,Greece,Western Europe,102,4.857,1.15406,0.92933,0.88213,0.07699,0.01397,0,1.80101
2015/1/1,Lebanon,Middle East and Northern Africa,103,4.839,1.02564,0.80001,0.83947,0.33916,0.04582,0.21854,1.57059
2015/1/1,Hungary,Central and Eastern Europe,104,4.8,1.12094,1.20215,0.75905,0.32112,0.02758,0.128,1.24074
2015/1/1,Honduras,Latin America and Caribbean,105,4.788,0.59532,0.95348,0.6951,0.40148,0.06825,0.23027,1.84408
2015/1/1,Tajikistan,Central and Eastern Europe,106,4.786,0.39047,0.85563,0.57379,0.47216,0.15072,0.22974,2.11399
2015/1/1,Tunisia,Middle East and Northern Africa,107,4.739,0.88113,0.60429,0.73793,0.26268,0.06358,0.06431,2.12466
2015/1/1,Palestinian Territories,Middle East and Northern Africa,108,4.715,0.59867,0.92558,0.66015,0.24499,0.12905,0.11251,2.04384
2015/1/1,Bangladesh,Southern Asia,109,4.694,0.39753,0.43106,0.60164,0.4082,0.12569,0.21222,2.51767
2015/1/1,Iran,Middle East and Northern Africa,110,4.686,1.0088,0.54447,0.69805,0.30033,0.05863,0.38086,1.6944
2015/1/1,Ukraine,Central and Eastern Europe,111,4.681,0.79907,1.20278,0.6739,0.25123,0.02961,0.15275,1.5714
2015/1/1,Iraq,Middle East and Northern Africa,112,4.677,0.98549,0.81889,0.60237,0,0.13788,0.17922,1.95335
2015/1/1,South Africa,Sub-Saharan Africa,113,4.642,0.92049,1.18468,0.27688,0.33207,0.08884,0.11973,1.71956
2015/1/1,Ghana,Sub-Saharan Africa,114,4.633,0.54558,0.67954,0.40132,0.42342,0.04355,0.23087,2.30919
2015/1/1,Zimbabwe,Sub-Saharan Africa,115,4.61,0.271,1.03276,0.33475,0.25861,0.08079,0.18987,2.44191
2015/1/1,Liberia,Sub-Saharan Africa,116,4.571,0.0712,0.78968,0.34201,0.28531,0.06232,0.24362,2.77729
2015/1/1,India,Southern Asia,117,4.565,0.64499,0.38174,0.51529,0.39786,0.08492,0.26475,2.27513
2015/1/1,Sudan,Sub-Saharan Africa,118,4.55,0.52107,1.01404,0.36878,0.10081,0.1466,0.19062,2.20857
2015/1/1,Haiti,Latin America and Caribbean,119,4.518,0.26673,0.74302,0.38847,0.24425,0.17175,0.46187,2.24173
2015/1/1,Congo (Kinshasa),Sub-Saharan Africa,120,4.517,0,1.0012,0.09806,0.22605,0.07625,0.24834,2.86712
2015/1/1,Nepal,Southern Asia,121,4.514,0.35997,0.86449,0.56874,0.38282,0.05907,0.32296,1.95637
2015/1/1,Ethiopia,Sub-Saharan Africa,122,4.512,0.19073,0.60406,0.44055,0.4345,0.15048,0.24325,2.44876
2015/1/1,Sierra Leone,Sub-Saharan Africa,123,4.507,0.33024,0.95571,0,0.4084,0.08786,0.21488,2.51009
2015/1/1,Mauritania,Sub-Saharan Africa,124,4.436,0.45407,0.86908,0.35874,0.24232,0.17461,0.219,2.11773
2015/1/1,Kenya,Sub-Saharan Africa,125,4.419,0.36471,0.99876,0.41435,0.42215,0.05839,0.37542,1.78555
2015/1/1,Djibouti,Sub-Saharan Africa,126,4.369,0.44025,0.59207,0.36291,0.46074,0.28105,0.18093,2.05125
2015/1/1,Armenia,Central and Eastern Europe,127,4.35,0.76821,0.77711,0.7299,0.19847,0.039,0.07855,1.75873
2015/1/1,Botswana,Sub-Saharan Africa,128,4.332,0.99355,1.10464,0.04776,0.49495,0.12474,0.10461,1.46181
2015/1/1,Myanmar,Southeastern Asia,129,4.307,0.27108,0.70905,0.48246,0.44017,0.19034,0.79588,1.41805
2015/1/1,Georgia,Central and Eastern Europe,130,4.297,0.7419,0.38562,0.72926,0.40577,0.38331,0.05547,1.59541
2015/1/1,Malawi,Sub-Saharan Africa,131,4.292,0.01604,0.41134,0.22562,0.43054,0.06977,0.33128,2.80791
2015/1/1,Sri Lanka,Southern Asia,132,4.271,0.83524,1.01905,0.70806,0.53726,0.09179,0.40828,0.67108
2015/1/1,Cameroon,Sub-Saharan Africa,133,4.252,0.4225,0.88767,0.23402,0.49309,0.05786,0.20618,1.95071
2015/1/1,Bulgaria,Central and Eastern Europe,134,4.218,1.01216,1.10614,0.76649,0.30587,0.00872,0.11921,0.89991
2015/1/1,Egypt,Middle East and Northern Africa,135,4.194,0.8818,0.747,0.61712,0.17288,0.06324,0.11291,1.59927
2015/1/1,Yemen,Middle East and Northern Africa,136,4.077,0.54649,0.68093,0.40064,0.35571,0.07854,0.09131,1.92313
2015/1/1,Angola,Sub-Saharan Africa,137,4.033,0.75778,0.8604,0.16683,0.10384,0.07122,0.12344,1.94939
2015/1/1,Mali,Sub-Saharan Africa,138,3.995,0.26074,1.03526,0.20583,0.38857,0.12352,0.18798,1.79293
2015/1/1,Congo (Brazzaville),Sub-Saharan Africa,139,3.989,0.67866,0.6629,0.31051,0.41466,0.11686,0.12388,1.68135
2015/1/1,Comoros,Sub-Saharan Africa,140,3.956,0.23906,0.79273,0.36315,0.22917,0.199,0.17441,1.95812
2015/1/1,Uganda,Sub-Saharan Africa,141,3.931,0.21102,1.13299,0.33861,0.45727,0.07267,0.29066,1.42766
2015/1/1,Senegal,Sub-Saharan Africa,142,3.904,0.36498,0.97619,0.4354,0.36772,0.10713,0.20843,1.44395
2015/1/1,Gabon,Sub-Saharan Africa,143,3.896,1.06024,0.90528,0.43372,0.31914,0.11091,0.06822,0.99895
2015/1/1,Niger,Sub-Saharan Africa,144,3.845,0.0694,0.77265,0.29707,0.47692,0.15639,0.19387,1.87877
2015/1/1,Cambodia,Southeastern Asia,145,3.819,0.46038,0.62736,0.61114,0.66246,0.07247,0.40359,0.98195
2015/1/1,Tanzania,Sub-Saharan Africa,146,3.781,0.2852,1.00268,0.38215,0.32878,0.05747,0.34377,1.38079
2015/1/1,Madagascar,Sub-Saharan Africa,147,3.681,0.20824,0.66801,0.46721,0.19184,0.08124,0.21333,1.851
2015/1/1,Central African Republic,Sub-Saharan Africa,148,3.678,0.0785,0,0.06699,0.48879,0.08289,0.23835,2.7223
2015/1/1,Chad,Sub-Saharan Africa,149,3.667,0.34193,0.76062,0.1501,0.23501,0.05269,0.18386,1.94296
2015/1/1,Guinea,Sub-Saharan Africa,150,3.656,0.17417,0.46475,0.24009,0.37725,0.12139,0.28657,1.99172
2015/1/1,Ivory Coast,Sub-Saharan Africa,151,3.655,0.46534,0.77115,0.15185,0.46866,0.17922,0.20165,1.41723
2015/1/1,Burkina Faso,Sub-Saharan Africa,152,3.587,0.25812,0.85188,0.27125,0.39493,0.12832,0.21747,1.46494
2015/1/1,Afghanistan,Southern Asia,153,3.575,0.31982,0.30285,0.30335,0.23414,0.09719,0.3651,1.9521
2015/1/1,Rwanda,Sub-Saharan Africa,154,3.465,0.22208,0.7737,0.42864,0.59201,0.55191,0.22628,0.67042
2015/1/1,Benin,Sub-Saharan Africa,155,3.34,0.28665,0.35386,0.3191,0.4845,0.0801,0.1826,1.63328
2015/1/1,Syria,Middle East and Northern Africa,156,3.006,0.6632,0.47489,0.72193,0.15684,0.18906,0.47179,0.32858
2015/1/1,Burundi,Sub-Saharan Africa,157,2.905,0.0153,0.41587,0.22396,0.1185,0.10062,0.19727,1.83302
2015/1/1,Togo,Sub-Saharan Africa,158,2.839,0.20868,0.13995,0.28443,0.36453,0.10731,0.16681,1.56726
2016/1/1,Denmark,Western Europe,1,7.526,1.44178,1.16374,0.79504,0.57941,0.44453,0.36171,2.73939
2016/1/1,Switzerland,Western Europe,2,7.509,1.52733,1.14524,0.86303,0.58557,0.41203,0.28083,2.69463
2016/1/1,Iceland,Western Europe,3,7.501,1.42666,1.18326,0.86733,0.56624,0.14975,0.47678,2.83137
2016/1/1,Norway,Western Europe,4,7.498,1.57744,1.1269,0.79579,0.59609,0.35776,0.37895,2.66465
2016/1/1,Finland,Western Europe,5,7.413,1.40598,1.13464,0.81091,0.57104,0.41004,0.25492,2.82596
2016/1/1,Canada,North America,6,7.404,1.44015,1.0961,0.8276,0.5737,0.31329,0.44834,2.70485
2016/1/1,Netherlands,Western Europe,7,7.339,1.46468,1.02912,0.81231,0.55211,0.29927,0.47416,2.70749
2016/1/1,New Zealand,Australia and New Zealand,8,7.334,1.36066,1.17278,0.83096,0.58147,0.41904,0.49401,2.47553
2016/1/1,Australia,Australia and New Zealand,9,7.313,1.44443,1.10476,0.8512,0.56837,0.32331,0.47407,2.5465
2016/1/1,Sweden,Western Europe,10,7.291,1.45181,1.08764,0.83121,0.58218,0.40867,0.38254,2.54734
2016/1/1,Israel,Middle East and Northern Africa,11,7.267,1.33766,0.99537,0.84917,0.36432,0.08728,0.32288,3.31029
2016/1/1,Austria,Western Europe,12,7.119,1.45038,1.08383,0.80565,0.54355,0.21348,0.32865,2.69343
2016/1/1,United States,North America,13,7.104,1.50796,1.04782,0.779,0.48163,0.14868,0.41077,2.72782
2016/1/1,Costa Rica,Latin America and Caribbean,14,7.087,1.06879,1.02152,0.76146,0.55225,0.10547,0.22553,3.35168
2016/1/1,Puerto Rico,Latin America and Caribbean,15,7.039,1.35943,1.08113,0.77758,0.46823,0.12275,0.22202,3.0076
2016/1/1,Germany,Western Europe,16,6.994,1.44787,1.09774,0.81487,0.53466,0.28551,0.30452,2.50931
2016/1/1,Brazil,Latin America and Caribbean,17,6.952,1.08754,1.03938,0.61415,0.40425,0.14166,0.15776,3.50733
2016/1/1,Belgium,Western Europe,18,6.929,1.42539,1.05249,0.81959,0.51354,0.26248,0.2424,2.61355
2016/1/1,Ireland,Western Europe,19,6.907,1.48341,1.16157,0.81455,0.54008,0.29754,0.44963,2.15988
2016/1/1,Luxembourg,Western Europe,20,6.871,1.69752,1.03999,0.84542,0.5487,0.35329,0.27571,2.11055
2016/1/1,Mexico,Latin America and Caribbean,21,6.778,1.11508,0.7146,0.71143,0.37709,0.18355,0.11735,3.55906
2016/1/1,Singapore,Southeastern Asia,22,6.739,1.64555,0.86758,0.94719,0.4877,0.46987,0.32706,1.99375
2016/1/1,United Kingdom,Western Europe,23,6.725,1.40283,1.08672,0.80991,0.50036,0.27399,0.50156,2.14999
2016/1/1,Chile,Latin America and Caribbean,24,6.705,1.2167,0.90587,0.81883,0.37789,0.11451,0.31595,2.95505
2016/1/1,Panama,Latin America and Caribbean,25,6.701,1.18306,0.98912,0.70835,0.48927,0.08423,0.2418,3.00559
2016/1/1,Argentina,Latin America and Caribbean,26,6.65,1.15137,1.06612,0.69711,0.42284,0.07296,0.10989,3.12985
2016/1/1,Czech Republic,Central and Eastern Europe,27,6.596,1.30915,1.00793,0.76376,0.41418,0.03986,0.09929,2.96211
2016/1/1,United Arab Emirates,Middle East and Northern Africa,28,6.573,1.57352,0.87114,0.72993,0.56215,0.35561,0.26591,2.21507
2016/1/1,Uruguay,Latin America and Caribbean,29,6.545,1.18157,1.03143,0.72183,0.54388,0.21394,0.18056,2.67139
2016/1/1,Malta,Western Europe,30,6.488,1.30782,1.09879,0.80315,0.54994,0.17554,0.56237,1.99032
2016/1/1,Colombia,Latin America and Caribbean,31,6.481,1.03032,1.02169,0.59659,0.44735,0.05399,0.15626,3.17471
2016/1/1,France,Western Europe,32,6.478,1.39488,1.00508,0.83795,0.46562,0.17808,0.1216,2.4744
2016/1/1,Thailand,Southeastern Asia,33,6.474,1.0893,1.04477,0.64915,0.49553,0.02833,0.58696,2.5796
2016/1/1,Saudi Arabia,Middle East and Northern Africa,34,6.379,1.48953,0.84829,0.59267,0.37904,0.30008,0.15457,2.61482
2016/1/1,Taiwan,Eastern Asia,34,6.379,1.39729,0.92624,0.79565,0.32377,0.0663,0.25495,2.61523
2016/1/1,Qatar,Middle East and Northern Africa,36,6.375,1.82427,0.87964,0.71723,0.56679,0.48049,0.32388,1.58224
2016/1/1,Spain,Western Europe,37,6.361,1.34253,1.12945,0.87896,0.37545,0.06137,0.17665,2.39663
2016/1/1,Algeria,Middle East and Northern Africa,38,6.355,1.05266,0.83309,0.61804,0.21006,0.16157,0.07044,3.40904
2016/1/1,Guatemala,Latin America and Caribbean,39,6.324,0.83454,0.87119,0.54039,0.50379,0.08701,0.28808,3.19863
2016/1/1,Suriname,Latin America and Caribbean,40,6.269,1.09686,0.77866,0.50933,0.52234,0.12692,0.16665,3.06852
2016/1/1,Kuwait,Middle East and Northern Africa,41,6.239,1.61714,0.87758,0.63569,0.43166,0.23669,0.15965,2.28085
2016/1/1,Bahrain,Middle East and Northern Africa,42,6.218,1.44024,0.94397,0.65696,0.47375,0.25772,0.17147,2.27405
2016/1/1,Trinidad and Tobago,Latin America and Caribbean,43,6.168,1.32572,0.98569,0.52608,0.48453,0.01241,0.31935,2.51394
2016/1/1,Venezuela,Latin America and Caribbean,44,6.084,1.13367,1.03302,0.61904,0.19847,0.08304,0.0425,2.97468
2016/1/1,Slovakia,Central and Eastern Europe,45,6.078,1.27973,1.08268,0.70367,0.23391,0.02947,0.13837,2.61065
2016/1/1,El Salvador,Latin America and Caribbean,46,6.068,0.8737,0.80975,0.596,0.37269,0.10613,0.08877,3.22134
2016/1/1,Malaysia,Southeastern Asia,47,6.005,1.25142,0.88025,0.62366,0.39031,0.09081,0.41474,2.35384
2016/1/1,Nicaragua,Latin America and Caribbean,48,5.992,0.69384,0.89521,0.65213,0.46582,0.16292,0.29773,2.82428
2016/1/1,Uzbekistan,Central and Eastern Europe,49,5.987,0.73591,1.1681,0.50163,0.60848,0.28333,0.34326,2.34638
2016/1/1,Italy,Western Europe,50,5.977,1.35495,1.04167,0.85102,0.18827,0.02556,0.16684,2.34918
2016/1/1,Ecuador,Latin America and Caribbean,51,5.976,0.97306,0.85974,0.68613,0.4027,0.18037,0.10074,2.77366
2016/1/1,Belize,Latin America and Caribbean,52,5.956,0.87616,0.68655,0.45569,0.51231,0.10771,0.23684,3.08039
2016/1/1,Japan,Eastern Asia,53,5.921,1.38007,1.06054,0.91491,0.46761,0.18985,0.10224,1.80584
2016/1/1,Kazakhstan,Central and Eastern Europe,54,5.919,1.22943,0.95544,0.57386,0.4052,0.11132,0.15011,2.49325
2016/1/1,Moldova,Central and Eastern Europe,55,5.897,0.69177,0.83132,0.52309,0.25202,0.01903,0.19997,3.38007
2016/1/1,Russia,Central and Eastern Europe,56,5.856,1.23228,1.05261,0.58991,0.32682,0.03586,0.02736,2.59115
2016/1/1,Poland,Central and Eastern Europe,57,5.835,1.24585,1.04685,0.69058,0.4519,0.055,0.14443,2.20035
2016/1/1,South Korea,Eastern Asia,57,5.835,1.35948,0.72194,0.88645,0.25168,0.07716,0.18824,2.35015
2016/1/1,Bolivia,Latin America and Caribbean,59,5.822,0.79422,0.83779,0.4697,0.50961,0.07746,0.21698,2.91635
2016/1/1,Lithuania,Central and Eastern Europe,60,5.813,1.2692,1.06411,0.64674,0.18929,0.0182,0.02025,2.60525
2016/1/1,Belarus,Central and Eastern Europe,61,5.802,1.13062,1.04993,0.63104,0.29091,0.17457,0.13942,2.38582
2016/1/1,North Cyprus,Western Europe,62,5.771,1.31141,0.81826,0.84142,0.43596,0.16578,0.26322,1.93447
2016/1/1,Slovenia,Central and Eastern Europe,63,5.768,1.29947,1.05613,0.79151,0.53164,0.03635,0.25738,1.79522
2016/1/1,Peru,Latin America and Caribbean,64,5.743,0.99602,0.81255,0.62994,0.37502,0.05292,0.14527,2.73117
2016/1/1,Turkmenistan,Central and Eastern Europe,65,5.658,1.08017,1.03817,0.44006,0.37408,0.28467,0.22567,2.21489
2016/1/1,Mauritius,Sub-Saharan Africa,66,5.648,1.14372,0.75695,0.66189,0.46145,0.05203,0.36951,2.20223
2016/1/1,Libya,Middle East and Northern Africa,67,5.615,1.06688,0.95076,0.52304,0.40672,0.10339,0.17087,2.39374
2016/1/1,Latvia,Central and Eastern Europe,68,5.56,1.21788,0.95025,0.63952,0.27996,0.0889,0.17445,2.20859
2016/1/1,Cyprus,Western Europe,69,5.546,1.31857,0.70697,0.8488,0.29507,0.05228,0.27906,2.04497
2016/1/1,Paraguay,Latin America and Caribbean,70,5.538,0.89373,1.11111,0.58295,0.46235,0.07396,0.25296,2.16091
2016/1/1,Romania,Central and Eastern Europe,71,5.528,1.1697,0.72803,0.67602,0.36712,0.00679,0.12889,2.45184
2016/1/1,Estonia,Central and Eastern Europe,72,5.517,1.27964,1.05163,0.68098,0.41511,0.18519,0.08423,1.81985
2016/1/1,Jamaica,Latin America and Caribbean,73,5.51,0.89333,0.96372,0.59469,0.43597,0.04294,0.22245,2.35682
2016/1/1,Croatia,Central and Eastern Europe,74,5.488,1.18649,0.60809,0.70524,0.23907,0.04002,0.18434,2.52462
2016/1/1,Hong Kong,Eastern Asia,75,5.458,1.5107,0.87021,0.95277,0.48079,0.31647,0.40097,0.92614
2016/1/1,Somalia,Sub-Saharan Africa,76,5.44,0,0.33613,0.11466,0.56778,0.3118,0.27225,3.83772
2016/1/1,Kosovo,Central and Eastern Europe,77,5.401,0.90145,0.66062,0.54,0.14396,0.06547,0.27992,2.80998
2016/1/1,Turkey,Middle East and Northern Africa,78,5.389,1.16492,0.87717,0.64718,0.23889,0.12348,0.04707,2.29074
2016/1/1,Indonesia,Southeastern Asia,79,5.314,0.95104,0.87625,0.49374,0.39237,0.00322,0.56521,2.03171
2016/1/1,Jordan,Middle East and Northern Africa,80,5.303,0.99673,0.86216,0.60712,0.36023,0.13297,0.14262,2.20142
2016/1/1,Azerbaijan,Central and Eastern Europe,81,5.291,1.12373,0.76042,0.54504,0.35327,0.17914,0.0564,2.2735
2016/1/1,Philippines,Southeastern Asia,82,5.279,0.81217,0.87877,0.47036,0.54854,0.11757,0.21674,2.23484
2016/1/1,China,Eastern Asia,83,5.245,1.0278,0.79381,0.73561,0.44012,0.02745,0.04959,2.17087
2016/1/1,Bhutan,Southern Asia,84,5.196,0.8527,0.90836,0.49759,0.46074,0.1616,0.48546,1.82916
2016/1/1,Kyrgyzstan,Central and Eastern Europe,85,5.185,0.56044,0.95434,0.55449,0.40212,0.04762,0.38432,2.28136
2016/1/1,Serbia,Central and Eastern Europe,86,5.177,1.03437,0.81329,0.6458,0.15718,0.04339,0.20737,2.27539
2016/1/1,Bosnia and Herzegovina,Central and Eastern Europe,87,5.163,0.93383,0.64367,0.70766,0.09511,0,0.29889,2.48406
2016/1/1,Montenegro,Central and Eastern Europe,88,5.161,1.07838,0.74173,0.63533,0.15111,0.12721,0.17191,2.25531
2016/1/1,Dominican Republic,Latin America and Caribbean,89,5.155,1.02787,0.99496,0.57669,0.52259,0.12372,0.21286,1.69626
2016/1/1,Morocco,Middle East and Northern Africa,90,5.151,0.84058,0.38595,0.59471,0.25646,0.08404,0.04053,2.94891
2016/1/1,Hungary,Central and Eastern Europe,91,5.145,1.24142,0.93164,0.67608,0.1977,0.04472,0.099,1.95473
2016/1/1,Pakistan,Southern Asia,92,5.132,0.68816,0.26135,0.40306,0.14622,0.1388,0.31185,3.18286
2016/1/1,Lebanon,Middle East and Northern Africa,93,5.129,1.12268,0.64184,0.76171,0.26228,0.03061,0.23693,2.07339
2016/1/1,Portugal,Western Europe,94,5.123,1.27607,0.94367,0.79363,0.44727,0.01521,0.11691,1.53015
2016/1/1,Macedonia,Central and Eastern Europe,95,5.121,1.0193,0.78236,0.64738,0.27668,0.07047,0.23507,2.08947
2016/1/1,Vietnam,Southeastern Asia,96,5.061,0.74037,0.79117,0.66157,0.55954,0.11556,0.25075,1.9418
2016/1/1,Somaliland Region,Sub-Saharan Africa,97,5.057,0.25558,0.75862,0.33108,0.3913,0.36794,0.51479,2.43801
2016/1/1,Tunisia,Middle East and Northern Africa,98,5.045,0.97724,0.43165,0.59577,0.23553,0.0817,0.03936,2.68413
2016/1/1,Greece,Western Europe,99,5.033,1.24886,0.75473,0.80029,0.05822,0.04127,0,2.12944
2016/1/1,Tajikistan,Central and Eastern Europe,100,4.996,0.48835,0.75602,0.53119,0.43408,0.13509,0.25998,2.39106
2016/1/1,Mongolia,Eastern Asia,101,4.907,0.98853,1.08983,0.55469,0.35972,0.03285,0.34539,1.53586
2016/1/1,Laos,Southeastern Asia,102,4.876,0.68042,0.5497,0.38291,0.52168,0.22423,0.43079,2.08637
2016/1/1,Nigeria,Sub-Saharan Africa,103,4.875,0.75216,0.64498,0.05108,0.27854,0.0305,0.23219,2.88586
2016/1/1,Honduras,Latin America and Caribbean,104,4.871,0.69429,0.75596,0.58383,0.26755,0.06906,0.2044,2.29551
2016/1/1,Iran,Middle East and Northern Africa,105,4.813,1.11758,0.38857,0.64232,0.22544,0.0557,0.38538,1.99817
2016/1/1,Zambia,Sub-Saharan Africa,106,4.795,0.61202,0.6376,0.23573,0.42662,0.11479,0.17866,2.58991
2016/1/1,Nepal,Southern Asia,107,4.793,0.44626,0.69699,0.50073,0.37012,0.07008,0.3816,2.32694
2016/1/1,Palestinian Territories,Middle East and Northern Africa,108,4.754,0.67024,0.71629,0.56844,0.17744,0.10613,0.11154,2.40364
2016/1/1,Albania,Central and Eastern Europe,109,4.655,0.9553,0.50163,0.73007,0.31866,0.05301,0.1684,1.92816
2016/1/1,Bangladesh,Southern Asia,110,4.643,0.54177,0.24749,0.52989,0.39778,0.12583,0.19132,2.60904
2016/1/1,Sierra Leone,Sub-Saharan Africa,111,4.635,0.36485,0.628,0,0.30685,0.08196,0.23897,3.01402
2016/1/1,Iraq,Middle East and Northern Africa,112,4.575,1.07474,0.59205,0.51076,0.24856,0.13636,0.19589,1.81657
2016/1/1,Namibia,Sub-Saharan Africa,113,4.574,0.93287,0.70362,0.34745,0.48614,0.10398,0.07795,1.92198
2016/1/1,Cameroon,Sub-Saharan Africa,114,4.513,0.52497,0.62542,0.12698,0.42736,0.06126,0.2268,2.5198
2016/1/1,Ethiopia,Sub-Saharan Africa,115,4.508,0.29283,0.37932,0.34578,0.36703,0.1717,0.29522,2.65614
2016/1/1,South Africa,Sub-Saharan Africa,116,4.459,1.02416,0.96053,0.18611,0.42483,0.08415,0.13656,1.64227
2016/1/1,Sri Lanka,Southern Asia,117,4.415,0.97318,0.84783,0.62007,0.50817,0.07964,0.46978,0.91681
2016/1/1,India,Southern Asia,118,4.404,0.74036,0.29247,0.45091,0.40285,0.08722,0.25028,2.18032
2016/1/1,Myanmar,Southeastern Asia,119,4.395,0.34112,0.69981,0.3988,0.42692,0.20243,0.81971,1.50655
2016/1/1,Egypt,Middle East and Northern Africa,120,4.362,0.95395,0.49813,0.52116,0.18847,0.10393,0.12706,1.96895
2016/1/1,Armenia,Central and Eastern Europe,121,4.36,0.86086,0.62477,0.64083,0.14037,0.03616,0.07793,1.97864
2016/1/1,Kenya,Sub-Saharan Africa,122,4.356,0.52267,0.7624,0.30147,0.40576,0.06686,0.41328,1.88326
2016/1/1,Ukraine,Central and Eastern Europe,123,4.324,0.87287,1.01413,0.58628,0.12859,0.01829,0.20363,1.50066
2016/1/1,Ghana,Sub-Saharan Africa,124,4.276,0.63107,0.49353,0.29681,0.40973,0.0326,0.21203,2.2002
2016/1/1,Congo (Kinshasa),Sub-Saharan Africa,125,4.272,0.05661,0.80676,0.188,0.15602,0.06075,0.25458,2.74924
2016/1/1,Georgia,Central and Eastern Europe,126,4.252,0.83792,0.19249,0.64035,0.32461,0.3188,0.06786,1.87031
2016/1/1,Congo (Brazzaville),Sub-Saharan Africa,127,4.236,0.77109,0.47799,0.28212,0.37938,0.09753,0.12077,2.10681
2016/1/1,Senegal,Sub-Saharan Africa,128,4.219,0.44314,0.77416,0.40457,0.31056,0.11681,0.19103,1.97861
2016/1/1,Bulgaria,Central and Eastern Europe,129,4.217,1.11306,0.92542,0.67806,0.21219,0.00615,0.12793,1.15377
2016/1/1,Mauritania,Sub-Saharan Africa,130,4.201,0.61391,0.84142,0.28639,0.1268,0.17955,0.22686,1.9263
2016/1/1,Zimbabwe,Sub-Saharan Africa,131,4.193,0.35041,0.71478,0.1595,0.25429,0.08582,0.18503,2.4427
2016/1/1,Malawi,Sub-Saharan Africa,132,4.156,0.08709,0.147,0.29364,0.4143,0.07564,0.30968,2.82859
2016/1/1,Sudan,Sub-Saharan Africa,133,4.139,0.63069,0.81928,0.29759,0,0.10039,0.18077,2.10995
2016/1/1,Gabon,Sub-Saharan Africa,134,4.121,1.15851,0.72368,0.3494,0.28098,0.09314,0.06244,1.45332
2016/1/1,Mali,Sub-Saharan Africa,135,4.073,0.31292,0.86333,0.16347,0.27544,0.13647,0.21064,2.11087
2016/1/1,Haiti,Latin America and Caribbean,136,4.028,0.34097,0.29561,0.27494,0.12072,0.14476,0.47958,2.37116
2016/1/1,Botswana,Sub-Saharan Africa,137,3.974,1.09426,0.89186,0.34752,0.44089,0.10769,0.12425,0.96741
2016/1/1,Comoros,Sub-Saharan Africa,138,3.956,0.27509,0.60323,0.29981,0.15412,0.18437,0.1827,2.25632
2016/1/1,Ivory Coast,Sub-Saharan Africa,139,3.916,0.55507,0.57576,0.04476,0.40663,0.1553,0.20338,1.97478
2016/1/1,Cambodia,Southeastern Asia,140,3.907,0.55604,0.5375,0.42494,0.58852,0.08092,0.40339,1.31573
2016/1/1,Angola,Sub-Saharan Africa,141,3.866,0.84731,0.66366,0.04991,0.00589,0.08434,0.12071,2.09459
2016/1/1,Niger,Sub-Saharan Africa,142,3.856,0.1327,0.6053,0.26162,0.38041,0.17176,0.2097,2.09469
2016/1/1,South Sudan,Sub-Saharan Africa,143,3.832,0.39394,0.18519,0.15781,0.19662,0.13015,0.25899,2.50929
2016/1/1,Chad,Sub-Saharan Africa,144,3.763,0.42214,0.63178,0.03824,0.12807,0.04952,0.18667,2.30637
2016/1/1,Burkina Faso,Sub-Saharan Africa,145,3.739,0.31995,0.63054,0.21297,0.3337,0.12533,0.24353,1.87319
2016/1/1,Uganda,Sub-Saharan Africa,145,3.739,0.34719,0.90981,0.19625,0.43653,0.06442,0.27102,1.51416
2016/1/1,Yemen,Middle East and Northern Africa,147,3.724,0.57939,0.47493,0.31048,0.2287,0.05892,0.09821,1.97295
2016/1/1,Madagascar,Sub-Saharan Africa,148,3.695,0.27954,0.46115,0.37109,0.13684,0.07506,0.2204,2.15075
2016/1/1,Tanzania,Sub-Saharan Africa,149,3.666,0.47155,0.77623,0.357,0.3176,0.05099,0.31472,1.37769
2016/1/1,Liberia,Sub-Saharan Africa,150,3.622,0.10706,0.50353,0.23165,0.25748,0.04852,0.24063,2.23284
2016/1/1,Guinea,Sub-Saharan Africa,151,3.607,0.22415,0.3109,0.18829,0.30953,0.1192,0.29914,2.15604
2016/1/1,Rwanda,Sub-Saharan Africa,152,3.515,0.32846,0.61586,0.31865,0.5432,0.50521,0.23552,0.96819
2016/1/1,Benin,Sub-Saharan Africa,153,3.484,0.39499,0.10419,0.21028,0.39747,0.06681,0.2018,2.10812
2016/1/1,Afghanistan,Southern Asia,154,3.36,0.38227,0.11037,0.17344,0.1643,0.07112,0.31268,2.14558
2016/1/1,Togo,Sub-Saharan Africa,155,3.303,0.28123,0,0.24811,0.34678,0.11587,0.17517,2.1354
2016/1/1,Syria,Middle East and Northern Africa,156,3.069,0.74719,0.14866,0.62994,0.06912,0.17233,0.48397,0.81789
2016/1/1,Burundi,Sub-Saharan Africa,157,2.905,0.06831,0.23442,0.15747,0.0432,0.09419,0.2029,2.10404